GAFident;naam;type;GAF;P_perc;P_tot;frac_perc;uitlaat;maalstaat;uitstroom;opp m2;Awat;perc_water;mm/d;diepte;bodem;fetch;Pkrit1;Pkrit2;nsl;kwel;verh;riol;drain;uitsp;afstr;in1;in2;in3;in4;sup;name_in1;name_in2;name_in3;name_in4;rep.maalstaat m3/d;gP/d
1010;Erasmuspark;M11;1010-GAF_F001;8.18177736;9.349064565;0.875143957;306.384952;290.8239606;24.45419281;112020.11;18927;16.89607339;18.42517145;0.8;1;;6.7336999;21.689647;0;1;0.108834204;0;0;8.18177736;0;0;0;0;0;0.058453001;Variabele inlaat;Inlaat2;Inlaat3;Inlaat4;290.8239606;169053.9563
1060;Vondelpark;M11;1060-GAF_F001;4.686866233;11.6660167;0.401753774;963.6693273;1039.381827;10.38864606;733376.11;87518;11.93357662;14.35641238;0.8;1;;6.2256907;21.3636;0;0;0.154092168;5.761888258;0;4.417327939;0.269538293;0.763678434;0;0;0;0.299491606;Variabele inlaat;Inlaat2;Inlaat3;Inlaat4;1039.381827;332082.9352
2010;Diemerpolder;M8;2010-GAF_F006;2.397251802;10.89689913;0.219993943;5057.555401;4926.979834;7.678071263;3331391.05;226489.1;6.798634462;29.92729986;0.35;5;;17.39321;17.384484;0;0;7.312810748;0.355112658;0.994006883;1.403244919;0;0.024967341;0.806756578;0;0;0;De Diem;Inlaat tekort;Inlaat3;Inlaat4;4926.979834;635169.5492
2020;Flevopark;M11;2020-GAF_F002;1.688257725;3.447508861;0.489703665;458.2901445;431.375255;7.175761676;442817.32;39590.08514;8.940500597;16.96381731;0.8;1;;6.4752044;21.548365;0;0;0;0;0;1.398244388;0.290013336;0.047354496;1.65861732;0;0;0.053279321;variabele inlaat;variabele inlaat2;Inlaat3;Inlaat4;431.375255;103763.513
2030;Sarphatipark;M11;2030-GAF_F001;7.320719401;8.58900508;0.852336136;81.31917212;78.80234296;4.205869285;42113.82;5367;12.74403509;17.46497966;0.8;1;;6.6018063;21.623738;0;0.5;0.144292658;0;0;7.320719401;0;0.600653385;0;0;0;0.023339636;Variabele inlaat;Inlaat2;Inlaat3;Inlaat4;78.80234296;8244.75189
2040;Oosterpark;M11;2040-GAF_F001;4.709225923;5.818363502;0.809372931;131.9075938;200.0612513;3.49131532;109471.85;14742;13.46647563;12.99817096;0.8;1;;5.9823278;21.131243;0;0;0.136551742;0;0;4.709225923;0;0;0;0;0;0.972585837;Variabele inlaat;Inlaat2;Inlaat3;Inlaat4;200.0612513;18799.04146
2100;Binnendijkse Buitenvelderse Polder;M10;2100-GAF_F006;3.45013254;13.36354507;0.258174947;12715.22542;11042.68314;11.75680467;5556130.02;362410.6339;6.522716937;37.96000565;0.8;1;;9.9807364;21.892409;0;0.08;7.265113881;0;0;3.45013254;0;0.75325336;1.103720373;0.662038103;0;0.04928681;inlaat - lek;grondwatertoestroom;zoetwaterbron (variabel ca 2000);inlaat4;11042.68314;1556253.924
2110;Middelpolder onder Amstelveen;M10;2110-GAF_F007;3.850722474;6.88234323;0.559507474;14963.38968;13656.32682;5.505760985;10252820.94;904792.239;8.824812647;20.0138317;0.8;1;;6.9977543;21.796505;0.049023001;0.079096432;0.867662567;0.075605214;0;3.616784742;0.233937732;0.96707284;0.493423724;0.349723581;0;0.150013397;part. inlaat + ca 900 m3/d dijkse kwel;waterschapsinlaat opgedrukt;park de Braak;uitEAG-4 of EAG-3;13656.32682;1819518.373
2120;Bovenkerkerpolder;M1a;2120-EAG-3_F003;10.79578012;27.07280611;0.39876842;19812.60817;17185.92836;19.05858018;15573700.2;374345.1635;2.403700847;60.00519931;0.5;1;;18.784995;18.78705;0;0;0;0;0;10.5595351;0.236245025;2.659143681;6.978073728;0.873978237;5.37025468;0.395575659;stuw Waardhuizen;Oosttocht (stuw+overschot);inlaat Amstel (via bovenland);uit Middenweg;17185.92836;2605871.491
2120;Bovenkerkerpolder;M1a;2120-GAF_F007;11.55242281;13.8305671;0.835281932;19926.58061;17185.92836;9.736111485;15573700.2;736282.9019;4.727732603;30.7613047;0.5;1;;18.784995;18.78705;0;0;0;0;0;10.76043172;0.791991092;1.351977037;0;0.444353013;0;0.481814243;stuw Waardhuizen;NA;inlaat Amstel (via bovenland);NA;17185.92836;2618306.465
2130;Noorder Legmeerpolder;M1a;2130-GAF_F004;12.9102157;17.52256652;0.736776527;21100.86428;23008.96889;9.887900708;16646242.37;490230.7195;2.944993282;45.56910716;0.5;1;;17.794609;17.786941;0;0.057310182;2.336055389;0;0;6.175976054;6.734239646;0.074430221;1.62486886;0.350897173;0.109817704;0.058971288;Legmeerdijksloot;Legmeer;inlaten UHP;variabele inlaat;23008.96889;1770495.566
2140;Uithoornsche Polder;M10;2140-GAF_F005;1.262051265;2.771006136;0.455448744;6437.528583;7059.14143;2.703610026;6555564.47;1282171.431;19.55852066;9.279612001;0.8;1;;5.6184456;20.672483;0;0;0.529567639;0.049622337;0.18665173;0.920040963;0.155358572;0.607961017;0.211260441;0;0;0.110543436;Bilderdam;variabele inlaten Amstel;inlaat3;inlaat 4;7059.14143;1266136.034
2150;Zuider Legmeerpolder;M1a;2150-GAF_F004;15.8716038;32.19894856;0.492923046;18050.98283;18225.1169;33.33509016;8990827.8;367728.7543;4.090043348;51.22629652;0.5;1;;18.25284;18.254398;0;0.600831672;4.663337465;0.138066083;5.57668019;10.2949236;0;0.445600888;0.894137312;1.223728073;8.361643277;0;Westeinder (variabel);dijks;inlaat UHP;kassenwater;18225.1169;4477333.548
2200;Venserpolder (volkstuinparken);M10;2200-GAF_F002;1.840526668;6.473720399;0.284307408;1117.644877;1293.25019;17.47025599;493871.7;59949.77038;12.13873368;23.26716987;0.8;1;;7.4259915;21.902421;0;0;0.093014135;0;0;1.840526668;0;4.117439234;0;0;0;0.422740362;inlaat uit maandsluitfout;inlaat teruggerekend;Inlaat3;Inlaat4;1293.25019;382540.1443
2210;Bijlmer;M30;2210-GAF_F005;10.38888647;14.64265799;0.709494579;17432.51911;17059.95323;10.36987342;6222328.45;456370.5247;7.334401075;40.28880394;0.5;1;;17.317362;17.318175;0;0.49999998;3.75377154;0;5.342543159;5.046343311;0;0;0;0;0;0;dijklek en inlaten;inlaat1;inlaat1;inlaat1;17059.95323;1728547.295
2220;Zuid Bijlmer;M1a;2220-EAG-1_F004;0.531192845;1.969011545;0.269776399;2708.552998;0;0.177759459;8313651.87;678430;8.160433112;6.629447678;0.5;1;;12.488297;12.488395;0.003810794;1.122;0.200797384;0;0;0.531192845;0;0;0;0;0;0.111210523;inlaat Waternet;inlaat particulieren GGP;afvoer polder via plas;inlaat4;2708.552998;44048.1821
2220;Zuid Bijlmer;M1a;2220-GAF_F006;1.079093447;2.54278338;0.424374902;9863.836919;11342.33318;1.518126415;8313651.87;1116484;13.42952553;12.91936849;0.5;1;;12.488297;12.488395;0.00392184;0;1.06554118;0;0;0.911408136;0.167685311;0.195812487;0.091947753;0;0;0.106466673;inlaat via GGP;inlaat via BLM;inlaat1;inlaat1;11342.33318;619085.547
2230;Broekzijdse Polder;M1a;2230-GAF_F004;5.522713438;7.854336778;0.70314192;4748.996192;5034.028347;6.754659261;3170097.44;213503.9597;6.734933666;27.13806542;0.5;1;;15.686799;15.687679;0;0;1.384164954;0;0;4.562067107;0.960646332;0.87289639;0;0;0;0.074561995;variabele inlaat zomer;variabele inlaat jaar;inlaat3;inlaat4;5034.028347;526744.0087
2240;Holendrechter- en Bullewijker Polder (zuid en west);M8;2240-GAF_F005;11.8260812;14.17625163;0.834217783;4306.131093;4496.978355;18.73304324;1745607.19;142575.1453;8.167653416;32.66876632;0.2;5;;18.982415;18.97541;0;0.199999985;0.159970219;0;0;9.042543287;2.783537917;0.999472943;0.948432649;0;0;0.042294631;inlaat vast;inlaat variabel;inlaat3;inlaat4;4496.978355;975533.9385
2250;Polder de Nieuwe Bullewijk en Holendrechter- en Bullewijker Polder noord;M30;2250-EAG-1_F003;0.153809305;0.820342993;0.187493898;949.2077233;0;0.066558054;8960159.91;730052;8.147756372;3.527930506;1;1;;3.5342643;19.870653;0;0.656236559;0;0;0.021385189;0.055262978;0.077161138;0;0;0;0;0.010297129;inlaat1;inlaat2;inlaat3;inlaat4;949.2077233;17747.80444
2250;Polder de Nieuwe Bullewijk en Holendrechter- en Bullewijker Polder noord;M30;2250-GAF_F005;4.061208519;4.616699369;0.879677924;16951.65196;18323.42999;7.374188161;8960159.91;646049.6658;7.210247052;31.13371495;1;1;;3.5342643;19.870653;0;0.152009553;0.071453074;0;0;4.061208519;0;0.087414037;0.145626339;0;0;0.098987848;Hoge dijk;Oudekerkerplas;variabele inlaat;inlaat4;18323.42999;1740084.529
2270;Duivendrechtsepolder noord en midden;M8;2270-GAF_F004;9.387960809;19.7233318;0.475982502;5423.992356;6630.84079;16.8443646;2973831.03;190285.5308;6.398666531;35.98657271;0.2;5;;19.210631;19.202909;0;0;0.013489657;0;0;9.387960809;0;7.595514354;0;2.411303871;0;0.315063107;De Toekomst;De Toekomst tot 2001;variabele inlaat;inlaat4;6630.84079;1170713.493
2280;Venserpolder;M3;2280-GAF_F003;4.64976683;11.20625327;0.414926088;8381.387402;8968.462812;5.698306228;7856340.39;402421.8494;5.122255776;33.77997549;0.7;1;;12.761148;19.585523;0;0;4.346062378;0;0;4.64976683;0;0.78674959;0;0;0;1.423674472;variabele inlaat;inlaat2;inlaat3;inlaat4;8968.462812;837563.1504
2290;Polder De Toekomst;M8;2290-GAF_F004;10.51975961;13.97452918;0.752780968;1672.967559;1806.368398;20.14815333;1019693.6;56620.51656;5.552699022;36.94532641;0.2;5;;19.283508;19.276664;0;0.04999997;0;0;0;10.51975961;0;3.340505473;0;0;0;0.064264131;variabele inlaat uit Portengen;suppletie (kopie);inlaat3;inlaat4;1806.368398;416676.7797
2300;Overdiemerpolder;M8;2300-GAF_F004;3.785743618;4.928928241;0.768066288;2065.386532;2272.594347;5.435491225;1020914.27;198497.162;19.44307841;13.85881964;0.3;5;;15.634879;15.627058;0;0.039999998;0.5677158;0;0;3.785743618;0;0.30091401;0;0;0;0.234554814;variabele inlaat;inlaat2;inlaat3;inlaat4;2272.594347;394079.03
2310;Gemeenschapspolder West;M8;2310-GAF_F004;4.530042774;6.577594986;0.688708074;6977.301281;7706.712037;4.935464341;4510641.2;369367.466;8.188801762;21.95151417;0.35;5;;16.917924;16.906648;0;0.036230627;0.677713673;0;0;2.681855619;1.848187155;0.685786905;0.647821007;0;0;0;variabele inlaat2;variabele inlaat;inlaat3;inlaat4;7706.712037;665850.7344
2330;Baambrugge Oostzijds (west);M8;2330-GAF_F008;7.1009702;9.0775391;0.782257187;3226.617383;4029.453832;6.931915622;1393604.48;152482.1647;10.94156677;25.01460714;0.3;5;;17.082914;17.076013;0;0.016717712;0.444372444;0;0;5.177052708;1.923917493;0;0;0;1.515478743;0;Inlaat1 Angstel;inlaat Gein;wellen ARK;extra inlaat;4029.453832;386066.8758
2340;Polder Holland en Sticht west;M1a;2340-GAF_F005;13.41963577;24.04826369;0.558029301;7078.144682;6697.805402;11.28003075;2248935.79;103591.7502;4.606256464;77.40066968;0.5;1;;19.261683;19.26154;0;0;0.798427305;0;0;13.41963577;0;0;7.782955675;1.721213666;0.326031271;0;inlaat het Honderd (variabel 2017-20);kanaalkwel;variabele inlaat Noord;overschot zuid;6697.805402;426801.2462
2350;Venserpolder (volkstuinpark Amstelglorie);M1a;2350-GAF_F002;13.66712548;13.75161832;0.993855789;1160.465708;1361.338223;14.37911931;346268;45789.44596;13.22370128;27.56808918;0.5;1;;15.686799;15.687679;0;0;0.069301877;0;0;10.23433946;3.432786015;0;0;0;0;0.015190961;Variabele inlaat;aanvulling op var inlaat;Inlaat3;Inlaat4;1361.338223;240484.9489
2380;Honderdsche polder west;M1a;2380-GAF_F005;12.49868974;14.17221742;0.881914903;1686.80728;1411.210347;0;1008022.75;49094.92724;4.870418574;43.83444345;0.5;1;;17.610768;17.608245;0;0;0.305053787;0;0;12.49868974;0;0.672703519;0;0;0;0.695770369;inlaat het Honderd (variabel 2017-20);kanaalkwel;variabele inlaat Noord;overschot zuid;1411.210347;0
2400;Polder de Rondehoep;M8;2400-GAF_F009;5.7759985;12.98507711;0.44481819;15679.76338;17304.67372;11.10865638;12691584.37;702688.5625;5.536649657;25.49089192;0.3;5;;17.082914;17.076013;0.00245115;0;0.493615413;0;0;1.50965553;4.266342971;1.943414485;1.536443738;2.846211119;0.324994235;0.061948468;Benningh;Reservaat;Gebruiksinlaten;variabel;17304.67372;2851114.391
2410;Polder Waardassacker en Holendrecht;M8;2410-GAF_F004;5.695724038;10.84031623;0.525420469;10404.53691;10812.70892;5.697723324;6033591.76;452402.2016;7.498057866;27.7623661;0.3;5;;17.272153;17.264829;0;0;1.238332421;0;0.937801441;3.519760622;1.238161975;0.364719711;1.399492158;1.399492158;0.711424985;0.031130758;dijkskwel;Gebruiksinlaten Holendrcht O;Gebruiksinlaten Holendrcht W;Gebruiksinlaten Winkel;10812.70892;941491.2558
2500;Polder Groot Wilnis Vinkeveen;M20;2500-EAG-2_F001;0;0;0;0;0;0;1996907.17;595696;29.830931;2.914555505;17;5;;0.7;0.7;0;0;0;0;0;0;0;0;0;0;0;0;inlaat1;inlaat2;inlaat3;inlaat4;0;0
2500;Polder Groot Wilnis Vinkeveen;M20;2500-EAG-6_F005;0.513946673;3.075600255;0.16710451;781.8164919;0;1.318801743;2923442.13;519283;17.76272548;12.36125464;17;5;;0.7;0.7;0;0;0.299419649;0;0;0.452286209;0.061660464;1.705796378;0;0;0;0.556437555;Inlaten vanuit kromme mijdrecht;Tweede bedijking;Veldhuisweg, Pomp bedrijf;Inlaten vanuit tussenboezem/ wilnis veldzijde;781.8164919;250134.6417
2500;Polder Groot Wilnis Vinkeveen;M20;2500-GAF_F004;0.064959927;1.083788149;0.059937845;33882.38587;42867.29504;0.172046015;22547849.25;12458088.84;55.25178344;9.387547429;17;6;;0.7;0.7;0;0;0.070692782;0.117041491;0;0.058055832;0.006904094;0.088058231;0.069047609;0.076678837;0.556015193;0.04129408;Tweede bedijking;Gagelweg + Veldhuiswetering;inl Ou'sluis of Veldhuis;Wilnis veldzijde;42867.29504;782863.8993
2501;Polder Oukoop en Polder Groot Wilnis-Vinkeveen (oost);M8;2501-GAF_F004;3.365075248;4.50632632;0.746744689;12382.8055;12149.64121;2.555439409;9703787.59;1198868.33;12.35464316;14.26689768;0.25;5;;16.201666;16.195;0;0.008530427;0.213444169;0;0;1.7838824;1.581192848;0;0;0.022464846;0.750707961;0.146103669;erven Amstelkade;variabel GWVzuid;variabel Demmerik;constante inlaat;12149.64121;1118992.821
2502;Polder Groot Wilnis-Vinkeveen (midden);M10;2502-GAF_F004;2.870793706;4.058332926;0.707382504;3652.687146;3324.690359;0.92434255;3044718.58;423956.2164;13.92431534;12.39863143;0.5;5;;14.304779;14.089787;0;0;0.20871875;0;0;2.088657576;0.782136131;0.157303962;0;0.141369119;0.560199357;0.119948031;variabele inlaat zuid;dijklek feb 2004 - apr 2006 zoet;zomer-inlaat noord;2000 mengreeks;3324.690359;143134.4513
2503;Polder Wilnis-Veldzijde;M1a;2503-GAF_F003;15.6182668;45.07444851;0.346499343;33990.22469;34329.46931;35.4107096;5707776.05;299772.8377;5.2520077;118.7401484;0.5;5;;19.913659;19.914489;0;0.2;0.567791978;0;7.028294162;8.589972634;0;8.673234107;0;0;20.01515563;0;doorspoeling;tijdserie;inlaat3;wellen;34329.46931;3877190.441
2504;Polder de Tweede Bedijking;M1a;2504-GAF_F003;4.081878911;5.406852535;0.754945485;2219.921524;2470.372513;4.672882487;1786026.79;159076.5825;8.906729921;18.32381687;0.5;1;;15.045836;15.045648;0;0;0.504651153;0;2.036545051;2.04533386;0;0;0;0;0;0.820322471;dijklek;inlaat2;inlaat3;inlaat4;2470.372513;271507.1909
2505;Veldhuiswetering;M10;2505-GAF_F003;2.029659282;2.782658335;0.729395793;3536.197848;4028.978732;0.71657387;4706302.4;689519.8703;14.6509895;9.958667164;0.5;5;;13.549454;13.548797;0;0;0.131486688;0;0;0.976839394;1.052819887;0;0;0;0;0.621512365;erven Amstelkade;variabel GWVzuid;variabel Demmerik;constante inlaat;4028.978732;180467.0746
2510;Groot Wilnis-Vinkeveen (zuid) en Polder Groot en Klein Oud-Aa;M10;2510-GAF_F005;1.962580756;3.948027741;0.497104095;12584.14361;12322.68616;1.136553504;12856186.44;1769979.788;13.7675336;14.83460916;0.5;5;;14.575229;14.566881;0;0.00339923;0.134036441;0;0;0.963140286;0.99944047;0;0.913434812;0;0.677973844;0.256602658;erven Amstelkade;variabel GWVzuid;variabel Veldhuisweg;constante inlaat;12322.68616;734764.9254
2511;Hoogwaterzone Amstelkade P1;M10;2511-2512-GAF_F003;0.512752705;4.100136931;0.125057459;1128.924512;1227.711994;0;488201.12;75987.96285;15.56488909;21.14692748;0.5;5;;14.317241;15.450793;0;0;0.089442113;0;0;0.27430907;0.238443635;0.47070586;2.901940188;0;0;0.125296064;erven Amstelkade;erven Amstelkade extra in de zomer;inlaat3;inlaat4;1227.711994;0
2520;Polder de Derde Bedijking;M8;2520-GAF_F005;9.512706727;13.39374909;0.710234802;14530.92544;12106.55105;8.778030686;7650461.04;539535.8398;7.052331055;30.56600303;0.4;5;;17.623849;17.608333;0;0.8;1.403069139;0;3.892815764;5.619890963;0;1.304634221;0.278016749;0;0;0.09532225;extra inlaat;constante extra inlaat;inlaat3;inlaat4;12106.55105;1729846.703
2530;Polder de Eerste Bedijking;M1a;2530-GAF_F004;4.965262183;6.780460794;0.732289786;12581.53186;11753.49323;4.295505296;8911811.36;718538.9123;8.062770667;19.56907713;0.5;1;;14.323977;14.323808;0;0.12;0.82145358;0;4.773810018;0.191452164;0;0.852424259;0;0;0;0.021320772;inlaat;inlaat2;inlaat3;inlaat4;11753.49323;1127339.634
2540;Polder Groot Mijdrecht;M1a;2540-GAF_F005;14.1690334;44.3956038;0.319153974;131695.1546;126328.3128;26.86836998;20278148.24;1269589.695;6.260875892;107.1242245;0.5;5;;19.913659;19.914489;0;28;1.403349011;0;5.144068414;9.024964988;0;0.306240671;0.02863397;0.488346749;0;0;brandweer;hevel het Poeltje (tijdserie);Veldwegsloot - reeks aangevuld met gem.;inlaat4;126328.3128;12459337.01
2550;Noorderpolder of Botshol (zuid en west);M27;2550-EAG-1-2-4_F005;0.631016555;0.775281429;0.813919347;48.5619155;0;0;2131269.87;969837;45.50512414;5.826513602;2;5;322;2.05;1.08;0;0;0;0;0;0.151082218;0.479934336;0;0;0;0;0.144264875;uit Vinkeveen;percelen;inlaat opgedrukt;in4;48.5619155;0
2550;Noorderpolder of Botshol (zuid en west);M27;2550-GAF_F006;7.560522363;9.095870132;0.83120386;1209.525997;1235.935235;6.259166218;2786539.59;57716.722;2.071268688;23.13967026;1.79;5;322;2.05;1.08;0;0;0.075084279;0;0;1.744032189;5.816490173;0.185104438;1.039560078;0.181233578;0;0.054365396;overloop natuur;dijklek;part. inlaat;Inlaat4;1235.935235;131949.6878
2560;Noorderpolder of Botshol (Nellestein);M1a;2560-GAF_F004;8.941711058;10.42392577;0.857806479;1774.226514;1408.911952;3.668020458;1055928.33;90135.75449;8.536162155;22.54527658;0.5;5;;15.598702;15.597939;0;0;0.045024304;0;0;6.108818714;2.832892344;0.203733975;0.665662592;0.443775062;0;0.124018777;part. inlaat;dijklek;Inlaat3;Inlaat4;1408.911952;120758.8788
2570;Baambrugge Westzijds;M8;2570-GAF_F006;5.675489187;7.036873849;0.806535588;10713.89956;10310.80181;4.868533687;6216926.91;493079.4517;7.931240931;25.44593685;0.25;5;;17.669654;17.662846;0;0.06;0.745437941;0;0;5.671656327;0.00383286;0.263649194;0.263649194;0;0;0.028648333;Hoogland;Donkervliet;extra inlaat;extra inlaat;10310.80181;876809.6246
2600;Polder Zevenhoven;M1a;2600-GAF_F004;5.897238757;21.16150444;0.27867767;31739.29105;29934.21176;14.08910192;17492051.51;679748.0125;3.886039394;48.93623964;0.5;1;;18.039968;18.041351;0;0.08;0.682689752;0;5.844201704;0.053037053;0;0.706144029;1.029793375;12.63261648;0.081729633;0.05129241;dijkslek;gebruiksinlaten;bemeten blokbemalingen;extra inlaat ivm beregening;29934.21176;3498013.505
2610;Buitendijkse Oosterpolder, Buitenwesterpolder en Blokland (noord);M8;2610-GAF_F005;7.407214009;11.30219624;0.655378287;3598.388768;3093.645932;7.205060728;2604507.84;336488.3641;12.9194606;18.27925891;0.25;5;;16.838411;16.831315;0;0;1.586273923;0;0;7.407214009;0;0;0.917054872;0;0.445780645;0.945872788;inlaat1;tolhuiskade;dijklek;kassen;3093.645932;885519.0755
2620;Voordijkschepolder;M10;2620-GAF_F005;1.7380109;3.410837079;0.509555531;5425.42726;5407.444981;1.798054296;1654885.49;876862.093;52.98626995;14.23701783;0.8;1;;6.2256907;21.3636;0;0;0.238007177;0;0;0.394229828;1.343781072;0.253611782;0.769790376;0.319320452;0.022925439;0.069170954;inlaat Kade;gebruiksinlaten incl. Jonkermolen;dijkslek (incl Jmolen);variabele inlaten;5407.444981;575869.8249
2630;Noordse Buurt en Westveense Polder;M8;2630-EAG-3_F005;0.318217655;0.985153341;0.323013324;730.3503907;669.5939979;0;1199352.55;315066;26.26967358;5.812179241;0.3;5;;13.402223;13.402153;0;0;0.256705334;0;0;0.318217655;0;0.130566384;0;0;0;0.279663968;Dijkse kwel;Inlaat2;Inlaat3;Inlaat4;669.5939979;0
2630;Noordse Buurt en Westveense Polder;M8;2630-GAF_F005;13.34907117;21.798395;0.612387801;5490.969257;5069.952355;12.81415089;3900013.14;191431.9218;4.908494278;30.91137536;0.3;5;;13.402223;13.402153;0;0.08;0.599815057;0;0;13.34907117;0;0;1.52223785;6.247270918;0;0;Noordse Dorp - serie + berekening;Westveen;inlaat Nieuwkoop (kassen + voeding hw-voorz);inlaat4;5069.952355;895971.9582
3020;Noorder- of Rietpolder (De Krijgsman);M8;3020-GAF_F006;4.405811528;5.671744612;0.776800055;1801.23285;4321.421859;5.463963573;690451.67;92683.09125;13.42354509;22.0276508;0.35;5;;17.002308;16.990818;0;0;0.87800936;0;0;4.405811528;0;0;0;0;0.369349158;0.018574566;dijkse kwel en sluislek;variabele inlaat1;variabele inlaat2;variabele inlaatrecente jaren;4321.421859;184968.8218
3040;Maxis;;3040-GAF_F001;;;;;;;1041367.13;185231.3;17.78731964;;0.5;5;;;;;;;;;;;;;;;;variabele inlaat;;;;;
3050;Gemeenschapspolder zuid-oost;M8;3050-GAF_F001;8.252274345;21.24323551;0.388465982;1988.31101;1724.258142;10.67777407;1172961.29;38831.2;3.310526983;54.38186752;0.45;5;;18.693265;18.692712;0;1.2;9.210804266;0;0;6.161351914;2.09092243;0;0;2.575248769;0;0.004908126;part. inlaat variabel;dijklek;inlaat constant;Inlaat4;1724.258142;151443.8926
3070;Holland, Sticht, Voorburg en Polder het Honderd oost;M1a;3070-GAF_F005;14.39705259;17.80605879;0.808547965;14938.96886;8456.542761;5.192034026;6610509.55;378851.934;5.731054939;52.81249472;0.5;1;;18.316608;18.323124;0;0.08;1.180006506;0;0;14.39705259;0;0.052008518;0;0;0;2.096991174;inlaat vecht;inlaat2;inlaat3;inlaat4;8456.542761;718451.1813
3100;Naardermeer;M14;3100-GAF_F005;0.766726591;1.161326928;0.660215976;4368.168842;1634;0.053;6077570.61;2259034.495;37.17002467;7.573171007;1.2;5;;3.0558227;19.185946;0;0.264;0;0;0;0.592452777;0.174273814;0.115613144;0;0;0;0.014987193;evt opgedrukte inlaat (defo);in2;in3;in4;1634;43730.95452
3110;Nieuwe Keverdijksche Polder en Hilversumse Bovenmeent;M25;3110-GAF_F004;4.618715948;6.987556271;0.660991593;20561.58632;20753.15507;12.1381533;10601850.11;662636;6.250192119;34.96011821;0.4;5;200;27.4;37.2;0;0;0.125792537;0;0;4.470730641;0.147985307;0.182226743;0;0.616510844;1.368107485;0.076202715;Inlaat Vecht;dijklek;aflaat Bovenmeent (sinds 22/11/2013);missend water sinds 2013, Bovenmeent?;20753.15507;2937770.528
3200;Spiegelpolder;M20;3200-EAG-2_F001;0;0;0;0;0;0;511070.97;23741;4.645343092;1.50234801;17;6;;0.7;0.7;0;0;0;0;0;0;0;0;0;0;0;0;inlaat1;inlaat2;inlaat3;inlaat4;0;0
3200;Spiegelpolder;M20;3200-GAF_F006;0.069010698;0.307783039;0.224218653;3771.118837;4645.303453;0.053413092;3800391.33;2568138;67.5756199;7.725166473;17;6;;0.7;0.7;0.00392184;0;0.059848357;0;0;0.068090614;0.000920085;0;0.058092812;0;0;0.116909331;Blijkpolder;Googstuw/afvoer SAP;overschot HAP;overschot PKH/hmp;4645.303453;50102.14268
3201;Stichtsch Ankeveensche Polder;M27;3201-GAF_F003;0.388108158;0.656547409;0.591135009;3105.94345;2270.18737;0.057650465;4932650.62;1455644.01;29.51038138;8.617534798;0.93;5;527;3.54;1.21;0;0.022949382;0.068852279;0;0;0.388108158;0;0.082437738;0;0;0;0.094199851;Inlaat sGravelandseVaart;Toestroom uit Oost (Scenario!);Inlaat3;Inlaat4;2270.18737;30651.25206
3210;Horn- en Kuijerpolder;M1a;3210-GAF_F004;8.533044146;11.45512308;0.744910734;4958.459834;4566.071067;9.571677754;2490298.3;160021.8693;6.425811288;38.91605582;0.5;1;;17.116938;17.116695;0;0;0;0;0;8.533044146;0;2.734001309;0;0.101177569;0;0.086900058;inlaatVecht;Inlaat2;variabel deel;inlaat na 1/12/2009;4566.071067;559445.3041
3220;Horstermeerpolder en Meeruiterdijksche Polder;M1a;3220-EAG-1_F003;0.369548699;6.945897899;0.053203877;2748.01749;897.5834191;1.337127408;8228281.93;80287.15972;0.975746339;46.8685932;0.5;1;;17.879056;17.879037;0.02381746;0;0.685357025;0;0;0.252530272;0.117018427;1.996031146;0;3.647482497;0;0.223661073;ANKO stuw Koninginneweg;inlaat2;Scenario!: aankoppelen afleiding SAP-Oost;inlaat4;897.5834191;39211.10758
3220;Horstermeerpolder en Meeruiterdijksche Polder;M1a;3220-GAF_F004;12.04703862;39.70220878;0.303434972;85542.63175;84745.27853;22.76688298;8228281.93;400920.6648;4.87247117;235.5988748;0.5;1;;17.879056;17.879037;0;23.9625;0.251661004;0;0;12.02633591;0.020702712;0.447898284;2.99311087;0;0;0;ANKO Sniplaan;dijklek;Inlaat3;Inlaat4;84745.27853;3333897.487
3230;Polder Kortenhoef;M27;3230-EAG-1_F002;0;0;0;0;0;0;2633660.23;441772;16.7740696;0.278906325;0.35;5;200;;0.35;0;0;0;0;0;0;0;0;0;0;0;0;H. Kanaal;Moleneind;Inlaat3;Inlaat4;0;0
3230;Polder Kortenhoef;M27;3230-EAG-2_F003;0;0;0;0;0;0;#N/B;#N/B;;0.124825782;0.35;5;;0.7;0.7;0;0;0;0;0;0;0;0;0;0;0;0;Inlaat N201 (Hilversumsch Kanaal);Inlaat Moleneind;Inlaat3;Inlaat4;0;#N/B
3230;Polder Kortenhoef;M27;3230-EAG-3_F004;0.193327927;2.619640048;0.073799424;913.5809149;0;0.058892536;3277512.52;1109365;33.84777307;16.87815322;0.35;5;1053;;0.35;0.038107936;0;0;0;0;0.193327927;0;1.740393606;0.320060859;0;0;0.327749719;Inlaat gemaal Snieplaan (Anko Zuid);Inlaat H. Kanaal;Inlaat Kortenhoefse dijk 2;inlaat uit 4250;913.5809149;23862.99433
3230;Polder Kortenhoef;M27;3230-GAF_F006;1.509562018;2.655511579;0.56846373;20717.65836;18864.54612;0.336952042;17191549.23;5420308;31.52890951;9.719687208;0.6;5;1053;6.42;2.21;0.038107936;0;0.459408175;0;0;1.509562018;0;0.356203329;0.065506299;0;0.110694817;0.116029006;Inlaat gemaal Snieplaan (Anko Zuid);Inlaat H. Kanaal;Inlaat Kortenhoefse dijk 2;inlaat uit 4250;18864.54612;667086.7001
3240;Polder Dorssewaard;M1a;3240-GAF_F004;3.516830366;7.756043751;0.45343096;1706.985093;1492.272121;4.546477984;1250181.37;81774.93942;6.541046074;36.75612903;0.5;1;;16.885653;16.886111;0;0;0.821659136;0;0;3.516830366;0;0.122841249;0;0;0;3.294712999;variabele inlaat;extra zomerinlaat;inlaat3;inlaat4;1492.272121;135795.553
3260;Blijkpolder;M10;3260-GAF_F004;2.442602225;3.681099026;0.663552436;1008.947638;991.1661328;4.482946974;448192.72;70405.2;15.70868889;17.43393337;0.8;1;;6.6018063;21.623738;0;0;1.122796228;0;0;2.442602225;0;0.114938887;0;0;0;0.000761686;Inlaat uit SP;uitstroom Stedelijk;Inlaat3;Inlaat4;991.1661328;115281.2198
3300;Muyeveld;M27;3300-EAG-13-14-16-18_F010;6.346421487;6.573282891;0.965487351;2039.043579;0;1.271465112;#N/B;#N/B;;21.61175509;1.45;5;;;21.242333;0.02381746;0;0;0;0;6.119627816;0.226793671;0;0;0;0;0.203043944;Tienhovens + NP;Gansenhoef;Bethune;Sluislek;2039.043579;#N/B
3300;Muyeveld;M27;3300-EAG-15-17_F009;8.799246699;12.1237774;0.725784251;17019.72516;0;2.857625871;7547830.93;774106;10.25600609;36.24389386;1.45;5;;;21.242333;0.02381746;0;3.04258435;0;0;8.504643696;0.294603003;0;0;0;0;0.258128888;Tienhovens + NP;Gansenhoef;Bethune;Sluislek;17019.72516;807971.4728
3300;Muyeveld;M27;3300-EAG-6-7_F005;0.143232687;1.410499252;0.10154751;942.7555835;0;0.135476907;901393.34;475100;52.70728981;17.64577419;1.45;5;;;21.242333;0;0;0.033003568;0;0;0.143232687;0;0.339483591;0;0;0;0.894779407;Oostelijke Binnenpolder;Inlaat2;Inlaat3;Inlaat4;942.7555835;23509.34488
3300;;M8;3300-EAG-9_F010;;;;;;;;;;;;5;;;;;;;;;;;;;;;;;;;;;
3300;Muyeveld;M27;3300-GAF_F010;0.438174282;0.804631398;0.54456523;28110.64136;34600.94979;0.094488624;34597610.64;16292312;47.09085887;6.570807308;1.4;5;3132;0.17;0.07;0.02381746;0;0.117634438;0.010121304;0;0.423832899;0.014341383;0.017359517;0.001002152;0.067830709;0.00497167;0.123719866;Tienhovens + NP;Gansenhoef;Bethune;Sluislek;34600.94979;562279.7825
3301;Gansenhoef oost;M3;3301-GAF_F003;1.432310493;5.004730128;0.286191354;384.6253295;536.3805456;0;824419.76;93092.60976;11.29189453;19.83450995;0.4;1;;16.501199;16.493915;0;0;0.341351126;0;0;1.432310493;0;0;0;0;0;3.231068508;Inlaat Vecht;inlaat2;inlaat3;inlaat4;536.3805456;0
3302;Oostelijke Binnenpolder van Tienhoven;M10;3302-GAF_F006;1.48669366;1.786613635;0.83212936;5127.761886;4958.018633;1.380033405;1881976.71;306692.3972;16.29629078;21.77940819;0.5;1;;14.675593;14.677935;0;0.0285;0;0;0;1.48669366;0;0.0815149;0.006679808;0;0;0.183225267;doorspoeling;variabele inlaat;Inlaat3;Inlaat4;4958.018633;154590.5114
3303;Gansenhoef west;M8;3303-GAF_F004;4.401717728;22.7810457;0.193218423;123.6531891;0;2.869560363;364412.08;9911.007223;2.719725214;82.97543837;0.325;5;;20.882805;20.880765;0;0;2.734206821;0;0;4.401717728;0;0;0;0;0;15.64512115;Inlaat Vecht;inlaat2;inlaat3;inlaat4;123.6531891;10387.79528
3311;Bethunepolder;M8;3311-GAF_F004;16.649797;62.89917599;0.264706123;85762.74543;84345.2011;34.35226884;5392276.26;343742.3073;6.374716182;251.507396;0.25;5;;22.366769;22.366324;0;46.12844057;0.120938424;0;0;14.68886449;1.960932502;0;0;0;0;0;Dijklek;Inlaat2;Inlaat3;Inlaat4;84345.2011;4312991.858
3320;Loenderveen;M27;3320-EAG-1-3_F004;1.885067524;4.964960906;0.379674193;5287.683745;5581.824989;4.513935013;1275115.23;243998;19.13536865;24.47066344;1.1;5;;4.5660203;22.161064;0.02381746;0.143713545;0;0;0;1.556308361;0.328759163;1.111223074;0.338857469;1.418774208;0.043507626;0;afvoer Terra Nova;inlaat via Bloklaan;inlaat WLP + dijkse kwel;inlaat uit Vecht;5581.824989;402283.1048
3320;Loenderveen;M27;3320-EAG-2_F004;0.168508061;0.314688017;0.535476572;1720.293693;1114.316524;0.29446432;933624.09;622580;66.6842262;5.04064824;1.1;5;600;1.61;0.29;0.057161904;0.012;0;0;0;0.158114868;0.010393193;0.062897025;0.007014074;0;0;0.007106953;afvoer LVO;dijkse kwel (WLP);Inlaat3;Inlaat4;1114.316524;66960.40446
3320;Loenderveen;M27;3320-EAG-4_F004;0.015281371;0.0755694;0.202216384;3395.138148;4280.851943;0.096441314;2376230.54;2161874;90.97913538;4.132884979;1.1;5;1200;0.89;0.13;0.02381746;0;0;0;0;0.014679432;0.000601939;0.024287273;0;0;0;0.012183296;aflaat Waterleidingplas;inlaat 2;inlaat 3;inlaat 4;4280.851943;76152.42265
3340;Polder Mijnden;M8;3340-GAF_F005;6.046841038;6.819529995;0.88669469;5278.36821;7349.537025;6.702803097;3087800.33;249130;8.068203037;23.68792531;0.3;5;;16.884887;16.877804;0;0;0;0;0;4.272448166;1.774392872;0.471641312;0.301047646;0;0;0;waterleidingkanaal+windmolen;part. inlaat;weilanddepot;Inlaat4;7349.537025;609919.7748
3350;Polder Breukelen-Proostdij;M8;3350-GAF_F004;3.208296639;4.084718577;0.785438845;4020.404996;4003.638904;4.028174812;3587355.56;233985.6216;6.522509902;20.93469275;0.3;5;;16.566259;16.559315;0;0;0.108724175;0;0;2.379538144;0.828758495;0.64911413;0;0;0;0.118583632;Inlaat1;Inlaat2;Inlaat3;Inlaat4;4003.638904;344260.9041
3360;Polder Maarsseveen-Westbroek;M27;3360-EAG-1-2-6-7-18_F004;5.928772067;10.29910163;0.575659147;12345.52848;0;4.664790946;#N/B;#N/B;;68.29082594;0.4;5;;;19.174209;0;0;0;0;0;5.874357217;0.054414849;0.771657987;0.926995276;0.138928935;0.54214596;1.99060141;Huis Te Hart (18, Kelderpolder) - overschot;Buitenweg (2) - overschot;Volkstuinen (7) - overschot;Nedereindsche Vaart - winteroverschot;12345.52848;#N/B
3360;Polder Maarsseveen-Westbroek;M27;3360-EAG-10_F006;0.008829497;0.580849166;0.015201015;736.7008863;0;0.07895256;528699.8;322530;61.00437337;13.86206379;0.4;5;571;;19.174209;0;0;0;0;0;0.008829497;0;0.36183078;0;0;0;0.210188889;overschot GMP;inlaat2;inlaat3;inlaat4;736.7008863;9300.933857
3360;Polder Maarsseveen-Westbroek;M27;3360-EAG-11_F003;0.246036266;0.798014984;0.308310334;2354.527683;0;0.086352861;859584.62;609758;70.93635528;7.548169777;0.4;5;780;;19.174209;0;0.54225;0;0;0;0.243527739;0.002508527;0;0;0;0;0.009728718;inlaat1;inlaat2;inlaat3;inlaat4;2354.527683;19232.00051
3360;Polder Maarsseveen-Westbroek;M27;3360-EAG-12_F005;1.491160716;16.51074323;0.090314572;6025.787079;0;12.0050874;184870.61;50829;27.49436484;206.1945126;0.4;5;;;19.174209;0;0;0;0;0;1.487009682;0.004151034;6.983930991;0;4.505313987;0;3.53033754;Molenpolder;uit OBT sinds 1/3/19;Westbroek-lint+agr;van de hei (1 emmer/s);6025.787079;222877.9561
3360;Polder Maarsseveen-Westbroek;M27;3360-EAG-13_F003;0.132678961;0.535411096;0.247807641;29.08711057;0;0.026732785;339630.96;146510;43.13799896;8.983657708;0.4;5;;;19.174209;0;0;0;0;0;0.132678961;0;0;0;0;0;0.402732135;inlaat1;inlaat2;inlaat3;inlaat4;29.08711057;1430.545557
3360;Polder Maarsseveen-Westbroek;M27;3360-EAG-16_F005;1.135976029;2.257306144;0.503244113;2050.548428;0;0.248683872;1395990.49;529418;37.92418385;15.08359069;0.4;5;;;19.174209;0;0;0.014975324;0;0;1.135976029;0;0.599581634;0;0;0;0.506773157;Westbroek - offline REEKS;Inlaat2;Inlaat3;Inlaat4;2050.548428;48087.9816
3360;Polder Maarsseveen-Westbroek;M27;3360-EAG-17_F004;2.327680237;2.587680237;0.899523907;12292.62923;269.2602002;1.033953913;2158605.46;719618;33.33717131;19.20186661;0.4;5;;19.174031;19.174209;0;0.26;0;0;0;2.327680237;0;0;0;0;0;0;Inlaat1;Inlaat2;Inlaat3;Inlaat4;12292.62923;271764.9371
3360;Polder Maarsseveen-Westbroek;M27;3360-EAG-3_F003;4.686758841;12.8722671;0.364097389;2578.605438;0;8.338162573;2132230.92;97973;4.594858797;44.56520247;0.4;5;;;19.174209;0;0;4.719314609;0;0;4.674071842;0.012686999;0;0;0;0;3.466193654;inlaat1;inlaat2;inlaat3;inlaat4;2578.605438;298378.1313
3360;Polder Maarsseveen-Westbroek;M27;3360-EAG-4-8-14-15_F003;1.120357537;10.47424296;0.106963104;18514.01686;20678.93699;3.723525672;19152119.59;623569.8308;3.255878953;42.57723159;0.4;5;;19.174031;19.174209;0;0;0;0;0;1.120357537;0;1.654092492;0.011661529;0.057971703;3.95962982;3.670529877;uit EAG3, MaarssenDorp;uit Molenpolder Klein;uit KMP (EAG5, 9, 10, 11;uit Stuw van Eijck, EAG1, 2, 6, 7;20678.93699;848066.0393
3360;Polder Maarsseveen-Westbroek;M27;3360-EAG-5-9_F004;0.31079972;3.617150852;0.085923903;722.9880985;0;0.275409635;982809.44;287119;29.21410686;21.48904609;0.4;5;;;19.174209;0;0;0;0;0;0.310619477;0.000180243;0.061544338;0;0;0;3.244806794;overschot zodden;inlaat2;inlaat3;inlaat4;722.9880985;28882.26758
3370;Polder Achttienhoven;M1a;3370-GAF_F001;2.602125019;3.17654963;0.819167122;14910.05565;15813.06095;2.509613424;10576547.6;1075529.4;10.1690026;19.06966574;0.5;5;;15.12029;15.11988;0;0.054545901;0;0;0;2.392610916;0.209514102;0.04522318;0;0;0;0.47465553;Inlaat Vecht;Achteraf;inlaat3;inlaat4;15813.06095;985869.2931
4000;'s-Gravelandsche vaartboezem;M6a;4000-EAG-2_F005;0.380913579;5.920845719;0.064334319;1305.146569;0;4.262707711;440996.9;38359;8.698247085;47.29047021;0.8;1;;12.230502;21.245483;0;0;0;0;0;0.380002393;0.000911186;5.242768641;0;0;0;0.297163499;Pomp Cruijbergen;inlaat2;inlaat3;inlaat4;1305.146569;59723.19816
4000;'s-Gravelandsche vaartboezem;M6a;4000-GAF_F004;0.487551305;8.262547527;0.059007383;17906.09222;22208.03318;3.480940617;7308183.84;1049744;14.36395174;39.20128373;0.8;1;;12.230502;21.245483;0;0;0.07664408;1.370974104;0;0.487551305;0;4.610729494;0.267904005;0.199092112;0.261648818;0.988003609;gemalen NTV;gemalen KMS;gemalen GRVzuid;gemalen GRVwest;22208.03318;1334658.757
4000;;;4000-EAG-4-6-7-8;;;;;;;;;;;;;;;;;;;;;;;;;;;;;;;;;
4100;Noordpolder beoosten Muiden;M8;4100-GAF_F005;27.77367135;33.33701662;0.833118082;7065.383991;6766.119383;28.95797985;3722501.51;107314.7541;2.882866638;69.45501526;0.2;5;;21.32043;21.320294;0;0.5375;0;0;0.151091833;20.44625536;7.176324161;2.795514954;2.076902303;0;0;0.153428012;dijkse kwel;variabele inlaat;inlaat2;inlaat3;6766.119383;1135057.653
4110;B.O.B.M.-polder en Buitendijken tussen Muiderberg en Naarden;M1a;4110-GAF_F006;48.03285851;89.30428436;0.537856149;5441.322925;5384.830149;137.3853769;2673137.09;24255;0.907360872;228.1171811;0.5;1;;19.875594;19.88103;0;0.2;30.69255745;5.753228972;1.338711949;45.25738496;1.436761607;4.625639422;0;0;0;0;extra inlaat;inlaat2;inlaat3;inlaat4;5384.830149;1217116.116
4120;Buitendijken ten Noorden van Naarden;M1a;4120-GAF_F002;10.75820102;19.89909214;0.540637781;2284.117528;2422.768525;42.47408436;1108103.96;29700.04594;2.680258082;87.92357406;0.5;1;;19.470376;19.465306;0;0;0;0;0;10.75820102;0;9.040032781;0;0;0;0.100858345;Variabele inlaat;Inlaat2;Inlaat3;Inlaat4;2422.768525;460756.3943
4130;Zuidpolder beoosten Muiden;M8;4130-GAF_F006;4.110200038;6.645371927;0.618505643;2811.08946;4036.470951;8.163899197;2570555.3;107708.5275;4.190087934;30.94413972;0.3;5;;17.539409;17.532625;0;0;0.821191693;0;0;1.376273151;2.733926887;1.654432996;0;0;0;0.059547201;variabele inlaat;dijklek;Inlaat3;Inlaat4;4036.470951;321172.2001
4140;Keverdijkse Overscheense Polder;M8;4140-GAF_F003;16.74406464;20.26246401;0.82635876;7376.061392;7801.677168;15.72615417;2148353.66;156765.0335;7.296984496;49.42020697;0.325;5;;18.95785;18.950336;0;0.801138652;0.601082257;0;0;14.13237292;2.611691722;0;0.510317883;0;1.60586058;0;Inlaat;Dijklek;Extra sinds 2013;var inlaat;7801.677168;900454.8737
4200;Heintjesrak- en Broekerpolder;M8;4200-GAF_F004;11.16179323;12.4154104;0.899027328;3443.271646;3492.13464;8.267135381;2313491.03;87062.03991;3.763232223;44.67221747;0.34;5;;18.220782;18.213849;0;0;0.308058812;0;0;7.031648926;4.130144306;0;0.17681091;0;0.574303107;0.194444339;stuw Heintjesrak;Suppletie inlaat Hrak;variabel Broekerpolder;vaste zomerinlaat Heintjesrak;3492.13464;262890.0281
4210;Hollandsch Ankeveensche Polder;M27;4210-EAG-1-2-3-5_F003;0.939367606;1.602749508;0.586097579;7506.678491;6522.101907;1.036402282;2091860.7;1022565;48.88303509;14.23763069;1.59;5;500;1.28;0.54;0.01190873;0.05;0.014755245;0;0;0.939367606;0;0.056760763;0.022895098;0;0.207479052;0.299583014;Inlaat;dijklek;Inlaat reeks;EAG4 (Oost);6522.101907;387087.8226
4230;Hilversumse Ondermeent;M8;4230-GAF_F004;16.24925011;19.37806153;0.838538472;3883.292406;3513.075106;15.41824821;1277624.44;55544.42435;4.347476662;71.92277925;0.35;5;;19.822248;19.822073;0;0.8;0.222382338;0;0;9.995762018;6.253488093;2.106429077;0;0;0;0;Inlaat -reeks;dijklek;Inlaat3;Inlaat4;3513.075106;312799.2676
4240;Hilversumse Meent;M10;4240-GAF_F004;10.69845088;18.76525;0.570120349;4709.669154;4041.050138;12.76037841;1157568.6;74058.65076;6.397776405;76.38962801;0.8;1;;17.476287;17.29624;0;0;5.109193059;0;0;10.69845088;0;2.369894636;0;0.008101687;0;0.579609738;extra grondwaterinstroom natte tijden;inlaat2;inlaat3;inlaat4;4041.050138;345167.2431
4250;'s-Gravelandsche Polder;M3;4250-GAF_F005;0.641330401;11.3260213;0.05662451;1124.641114;258.3202212;0.178293933;8480335.89;490171.3876;5.78009402;49.08008868;0.5;6;;16.953065;16.951923;0;0;3.357244998;0;0;0.641330401;0;0;0.691558912;0;0;6.635886989;Noordersluis;Zuidersluis;Inlaat3;Inlaat4;258.3202212;31920.87198
6110;Noorder IJ Polder;M3;6110-GAF_F004;6.332268558;7.697442627;0.822645762;2374.82361;896.5539572;20.45175801;1485000.47;87984.18897;5.924859335;31.10429292;1;1;;5.7600708;24.040905;0;0;1.365174069;0;0.979240634;5.353027924;0;0;0;0;0;0;Inlaat;dijklek;Inlaat3;Inlaat4;2374.82361;657242.2974
6400;Watergraafsmeer;M3;6400-GAF_F003;4.323565214;7.210210974;0.599644758;11254.23486;9287.490283;6.960934042;5825324.81;311794.1657;5.352391082;38.82671214;0.7;1;;14.220841;19.081447;0;0.079999997;2.781438794;0;0.003307054;4.320258159;0;0;0;0;0;0.025206969;inlaat1;inlaat2;inlaat3;inlaat4;9287.490283;792730.7916
6430;Baambrugge Oostzijds;M8;6430-GAF_F008;8.008419269;16.9505873;0.472456743;23142.57483;25769.03963;11.38579578;7252899.12;584146.9389;8.053978543;42.81474437;0.32;5;;18.26524;18.258958;0;0.067657913;0.316145597;0;0;5.625690414;2.382728855;0.077035412;0.064196177;7.286764584;1.130368346;0;Inlaat1 Angstel;inlaat Gein;wellen ARK;extra inlaat;25769.03963;2429269.625
6440;Polder Breukelerwaard West;M1a;6440-GAF_F003;9.318690108;12.52097144;0.744246575;3837.133668;3779.89239;4.506280341;2330866.33;123915.7693;5.316296678;41.63009621;0.5;1;;17.422224;17.423234;0;0;0.379940096;0;0;9.311637029;0.007053079;1.136864294;0.806999792;0;0;0.878477151;part. inlaat;dijklek;Inlaat3;Inlaat4;3779.89239;203955.306
6450;Aetsveldse Polder west;M1a;6450-GAF_F005;11.37752726;15.01084819;0.757953656;4338.172897;3958.444197;13.84186758;2777844.48;142326.5532;5.123632881;40.27592733;0.5;1;;17.317362;17.318175;0;0.08;1.263506871;0;0;11.37752726;0;0;0;0;0;2.289814057;Inlaat1;Inlaat2;Inlaat3;Inlaat4;3958.444197;719566.3514
6460;Breukelen Noord;M1a;6460-GAF_F002;3.956921114;9.446652656;0.418870182;1223.90271;612.1198215;2.464001133;983078.05;59849;6.087919469;24.89964088;0.5;1;;15.207517;15.206622;0;0.08;4.240733329;0.872396953;0;3.956921114;0;0;0;0;0;0.296601259;inlaat vecht;inlaat2;inlaat3;inlaat4;612.1198215;53862.6884
6480;Hoeker- en Garstenpolder;M1a;6480-GAF_F008;10.04168645;14.34587905;0.699970104;14403.78034;14424.72663;14.55066673;5166676.73;280714.411;5.433171566;57.79200856;0.5;1;;18.637461;18.633814;0;0;0.63469449;0;0;9.899906249;0.141780196;0;0;0;3.669498114;0;inlaat prive vecht;inlaat priv√© noord;gemiste inlaat;variabele kwel;14424.72663;1491893.518
6530;Bloemendalerpolder en Gemeenschapspolder Oost;M8;6530-GAF_F005;0;0;0;0;0;0;4276866.38;326053.4898;7.623653882;32.26701482;0.25;5;;18.313629;18.306599;0;0;0;0;0;0;0;0;0;0;0;0;part. inlaat;dijklek;Inlaat3;Inlaat4;0;0
6540;Aetsveldse Polder Oost;M1a;6540-GAF_F006;10.22292441;14.16627303;0.721638245;14778.03232;15909.38607;10.00765319;8547762.99;402613.6821;4.710164315;44.34772958;0.5;1;;17.701906;17.69699;0;0.06;2.162603158;0;0;10.22292441;0;0.244677437;0.74513116;0.402118928;0;0.32881794;Inlaat Vecht;dijklek;extra inlaat;Inlaat4;15909.38607;1471671.911
6550;Polder Nijenrode;M1a;6550-GAF_F003;12.3905117;14.87745916;0.832837891;6941.393214;6660.53782;11.14033789;3094442.29;199576;6.449498207;37.12161653;0.5;1;;17.000332;17.008846;0;0.2;0.677583072;0;0;12.3905117;0;0.706899117;0;0;0;0.902465262;inlaat1;inlaat2;inlaat3;inlaat4;6660.53782;812076.4232
6570;Polder Broeckland;#N/B;6570-GAF_F001;6.731345798;12.98577358;0.518363096;818.0993615;0;10.2730649;389630.29;25739.95431;6.606250841;35.10570211;0.5;5;;16.511853;16.512188;0;0.2;5.864538475;0;0;5.990058327;0.74128747;0;0;0;0;0.189889303;Inlaat1;Inlaat2;Inlaat3;Inlaat4;818.0993615;96582.40781
6590;Rijnkade;#N/B;6590-GAF_F002;12.01981335;25.77328694;0.46636711;393.6127651;2.082258065;0;624710.17;14730.2;2.357925436;29.90297622;0.35;1;;17.356735;17.34042;0;1.2;0.123367452;12.23164639;0;8.974289621;3.04552373;0;0.135775482;0;0;0.062684263;part. inlaat;dijklek;Inlaat3;Inlaat4;2.082258065;0
7010;De Gooise Zomerkade;M1a;7010-EAG-1_F004;9.713812022;12.44846242;0.780322235;2308.495494;1965.679638;6.959471247;2117462.03;81480;3.848002885;38.84134096;0.5;1;;17.116938;17.116695;0.023689219;0;1.059329559;0;0;9.469208281;0.244603741;0.550184727;0;0;0;1.101446893;Afgekoppeld;Aflaat Blaricummermeent 2023;inlaat3;inlaat4;1965.679638;207117.8312
7011;Blaricummermeent;#N/B;7011-GAF_F001;2.034366236;2.879644657;0.706464331;1052.951471;0;1.277249307;927790.72;62409.34736;6.726662168;19.87615443;1;6;;4.2293536;22.339322;0;0.067999782;0.629046824;0;0;2.034366236;0;0;0;0.009052317;0;0.139179497;Inlaat1;pomp_sluitfout;inlaat aug 2022;Inlaat4;1052.951471;29114.91599
7100;Huizen West;;7100-GAF_F001;;;;;;;;;;;;6;;;;;;;;;;;;;;;;;;;;;
8010;De Lange Bretten;M8;8010-GAF_F001;;;;;;;2424393.33;236417.2;9.751602476;;0.4;5;;;;0;0;0.057650197;0;0;7.456934843;0.443404493;0.073107461;0;0;0;0.063894387;variabele inlaat;Inlaat2;Inlaat3;Inlaat4;;
8020;Overbraker Binnenpolder;M8;8020-GAF_F003;6.770677004;11.39160397;0.594356776;2123.359187;1956.810675;12.98955788;997548.92;75874.62962;7.606106137;30.78851506;0.375;5;;17.623849;17.608333;0;0;1.837776119;0;0;6.62600852;0.144668484;0.146597716;2.6359272;0;0;0.000625926;Inlaat;dijklek;Inlaat3;Inlaat4;1956.810675;359982.3254
8030;Osdorperbinnenpolder;M10;8030-GAF_F004;4.633247277;16.84740189;0.275012569;6004.862456;5725.242179;14.03036153;3302918.85;499635.114;15.1270781;15.28933347;0.8;1;;6.351364;21.46142;0;0.632619085;7.81551196;0;0.647852503;3.356037392;0.629357382;2.175971705;1.432035706;0;0;0.158016158;Inlaat Ma Braun& Pieter Post 1evariabel;Geuzeveld (stuw);inlaat3;oppompen van Laag naar Hoog;5725.242179;2560424.883
8040;Osdorperbovenpolder;M8;8040-GAF_F003;20.63934442;24.62659127;0.838091808;2537.775477;2624.497583;28.12198457;1593919.77;107198;6.725432611;26.0678092;0.3;5;;17.178374;17.171268;0;0.04;2.940656179;0;1.874766377;8.731154863;10.03342318;0.583033266;0.419783951;0;0;0.003773463;Rijnland;Inlaat OBH (suppletiepomp);tuinderijen;inlaat4;2624.497583;1101090.138
8050;Lutkemeerpolder;M1a;8050-GAF_F004;3.572798277;5.902261602;0.605326995;4023.029792;4472.010585;10.63789079;2940743.09;176658.7002;6.007280976;27.1767911;0.5;1;;15.686799;15.687679;0.051122812;0.08;1.61539494;0;0.441281713;3.131516565;0;0.431049791;0;0;0;0.151895781;Inlaat Langswater;inlaat2;inlaat3;inlaat4;4472.010585;686405.5443
8060;Middelveldse Akerpolder;M3;8060-GAF_F004;6.125664916;11.72640595;0.52238213;4282.341682;3732.747475;11.26781373;1517909.64;180679.1789;11.90315775;26.00842582;0.45;1;;16.629211;16.629227;0.051122812;0.4;2.908141593;0;2.350816138;3.774848777;0;0.921875348;0;0.489400474;0.830200806;0;Inlaat Frankfurtersingel;Dijkse kwel (lengte * breedte * kwel)*ecozone;variabele inlaat Fr.singel;Inlaat uit de Bisschopsmuts;3732.747475;743597.6216
8070;Sloterbinnen en Middelveldsepolder;M20;8070-GAF_F008;15.54515176;66.45346017;0.233925393;37675.49199;42493.73456;58.74136815;14720924.41;1671852.4;11.35697972;28.22299981;17;6;949;0.7;0.7;3.834210929;0;10.79718018;0;0.884334804;11.51840257;3.142414384;13.56074277;3.612813916;5.171741671;13.43285237;0.498766572;N. Broekhuysen en Geuzeveld;Multatuli;Louwesweg & Plesmanlaan;Inlaat Schuttingen en Lek Cramer- Aker, Heemstedesluis;42493.73456;35870069.25
8080;Riekerpolder;M10;8080-GAF_F003;2.636964841;7.962155808;0.331187295;5356.090136;5051.249903;7.665177041;3387895.14;309739.3191;9.142529693;21.84069503;0.8;1;;7.134731;21.838471;0;0;3.088993929;0;1.170391377;0.801598179;0.664975285;1.937112801;0;0.088554583;0;0.210529654;Inlaat Sportparken&Oeverlanden;Inlaat Riekerhaven;inlaat variabel;inlaat4;5051.249903;867179.0036
8090;Nieuw-Sloten;M10;8090-GAF_F003;1.095234675;7.489248613;0.146240929;674.5328102;601.1893935;2.707756052;1582854.51;56953.82447;3.598171791;13.73301946;0.8;1;;6.1027569;21.254034;0;0.04;2.582056443;0;0;0.53392848;0.561306195;0;0.526742502;2.45624535;0.777223091;0.011746551;NA;Inlaat VG politieschool;'Inlaat VG variabel;uit Dorp Sloten;601.1893935;56327.78223
9999;#N/B;#N/B;9999-GAF_F002;0.459077401;35.93723251;0.012774423;20801.11126;19314.45187;0;#N/B;350000.3;;62.75289505;1;1;;9.2931906;24.277679;0;0;0.459751966;0;0;0.459077401;0;19.28453592;15.71409607;0;0;0.019771159;RI Hilversum;RI Blaricum (0.93Huizen);Inlaat3;Inlaat4;19314.45187;0
;Waterleidingplas;M20;3310-EAG-2;;;;;;;;;;;;6;;;;;;;;;;;;;;;;;;;;;
;Noorder IJplas;M20;6100-EAG-1;;;;;;;;;;;;5;;;;;;;;;;;;;;;;;;;;;
3110;Hilversumse Bovenmeent;M20;3110-EAG-1_F003;;;;;;;;;;;;1;;;;0;0;0;0;0;0.942755043;0.700012384;0.151141222;0.5230343;0.227735433;0.058142603;0.000198196;Inlaat;dijklek;kwel water (ipv in rekenhart);Variabele inlaat;;
2500;Vinkeveense Plassen;M20;2500-EAG-3-4-5;;;;;;;;;;;;6;;;;;;;;;;;;;;;;;;;;;
